hour, t(sec), V1, VAngle1, V2, VAngle2, V3, VAngle3, I1, IAngle1, I2, IAngle2, I3, IAngle3
1, 0.00000, 6230.3, -21.8074, 6032.07, -173.967, 203.546, 54.0575, 839.61, -153.564, 1916.66, -176.826, 19852.5, 9.61807
2, 0.00000, 6230.3, -21.8074, 6032.07, -173.967, 203.546, 54.0575, 839.61, -153.564, 1916.66, -176.826, 19852.5, 9.61807
